Contrato;Conv;Taxa Originação;Taxa Cessão
3001882103;MT;1.95;1.95
3001847429;MA;2;2
3001846389;MA;2;2
3001888092;MA;2;2
3001930258;MA;1.95;1.95
3001892169;MT;1.95;1.95
3001840168;MA;2;2
3001914690;MA;2;2
3001890890;MA;2;2
3001874662;MA;2;2
3001887888;MA;2;2
3001932544;MA;2;2
3001896889;MT;2;2
3001857063;MA;1.95;1.95
3001854797;MT;1.95;1.95
3001917768;MA;1.95;1.95
3001914476;MA;1.95;1.95
3001914542;MA;1.95;1.95
3001845662;MA;2;2
3001855091;MT;1.95;1.95
3001848419;MA;2;2
3001873136;MA;2;2
3001890528;MT;2;2
3001843279;MA;1.95;1.95
3001913932;MA;2;2
3001843550;MA;2;2
3001903263;MA;2;2
3001940679;MT;1.95;1.95
3001856172;MA;2;2
3001855760;MT;2;2
3001976319;MA;1.95;1.95
3001855034;MA;2;2
3001912249;MA;1.95;1.95
3001894959;MA;2;2
3001914641;MA;1.95;1.95
3001842354;MA;1.95;1.95
3001940109;MA;1.95;1.95
3001930456;MT;1.95;1.95
3001927528;MT;2;2
3001913262;MT;1.95;1.95
3001920937;MA;2;2
3002056053;MT;1.95;1.95
3001917123;MT;1.95;1.95
3001905144;MT;2;2
3001929946;MT;1.95;1.95
3001849730;MA;2;2
3001840572;MA;1.95;1.95
3002087629;MT;1.95;1.95
3001868078;MT;1.95;1.95
3001912181;MT;1.95;1.95
3001933906;MT;2;2
3000960496;MT;1.95;1.95
3001017239;MT;2.15;2.15
3001896780;MT;2;2
3001894439;MT;1.95;1.95
3002299117;MT;1.95;1.95
3002304495;MA;1.9;1.9
3002304123;MA;1.9;1.9
3002285264;MA;1.95;1.95
3002252926;MA;1.9;1.9
3002249609;MA;1.9;1.9
3002248593;MA;1.9;1.9
3002248551;MA;1.9;1.9
3002265910;MA;1.9;1.9
3002292096;MA;1.9;1.9
3002306623;MT;1.95;1.95
3002274805;MA;1.9;1.9
3002243412;MT;1.9;1.9
3002262461;MT;1.95;1.95
3002271124;MT;1.9;1.9
3002292724;MT;1.9;1.9
3002250631;MA;1.9;1.9
3002261323;MT;1.95;1.95
3002279572;MA;1.9;1.9
3002117558;MT;1.95;1.95
3002192825;MT;1.95;1.95
3002241051;MT;1.9;1.9
3002300204;MT;1.95;1.95
3002286346;MT;1.95;1.95
3002250078;MT;1.9;1.9
3002250813;MT;1.9;1.9
3002280547;MT;1.95;1.95
3002238586;MT;1.95;1.95
3002287104;MT;1.9;1.9
3002230187;MT;1.95;1.95
3002228835;MT;1.95;1.95
3002251142;MT;1.95;1.95
3002287096;MT;1.9;1.9
3002306326;MT;1.95;1.95
3002228108;MT;1.95;1.95
3002280760;MT;1.95;1.95
3002295115;MT;1.95;1.95
3002280117;MT;1.95;1.95
3002200313;MA;1.95;1.95
3002316119;MT;1.9;1.9
3002206278;MA;1.95;1.95
3002232001;MA;1.95;1.95
3002241432;MT;1.95;1.95
3002231839;MT;1.95;1.95
3002290280;MT;1.9;1.9
3002308611;MT;1.9;1.9
3002274128;MT;1.9;1.9
3002255044;MT;1.95;1.95
3002249807;MT;1.9;1.9
3002249765;MT;1.9;1.9
3002271116;MT;1.9;1.9
3002292526;MT;1.9;1.9
3002250755;MT;1.9;1.9
3002201261;MA;1.95;1.95
3002270928;MT;1.95;1.95
3002250037;MT;1.9;1.9
3002258691;MT;1.95;1.95
3002270613;MT;1.95;1.95
3002228454;MT;1.95;1.95
3002231680;MT;1.9;1.9
3002303885;MT;1.9;1.9
3002240590;MT;1.95;1.95
3002279358;MT;1.9;1.9
3002250169;MT;1.9;1.9
3002228173;MA;1.95;1.95
3002232340;MT;1.9;1.9
3002250466;MT;1.9;1.9
3002253833;MT;1.9;1.9
3002251084;MT;1.95;1.95
3002228215;MT;1.95;1.95
3002249740;MT;1.9;1.9
3002235376;MT;1.95;1.95
3002249245;MT;1.9;1.9
3002290157;MT;1.9;1.9
3002252645;MT;1.9;1.9
3002226862;MT;1.95;1.95
3002230815;MA;1.95;1.95
3002260127;MT;1.95;1.95
3002302291;MT;1.95;1.95
3002307571;MT;1.95;1.95
3002265738;MT;1.95;1.95
3002271785;MT;1.9;1.9
3002305773;MT;1.95;1.95
3002228363;MT;1.95;1.95
3002251076;MT;1.95;1.95
3002285579;MT;1.9;1.9
3002249880;MT;1.9;1.9
3002292500;MT;1.9;1.9
3002275984;MT;1.9;1.9
3002263238;MT;1.9;1.9
3002249971;MT;1.9;1.9
3002274771;MT;1.9;1.9
3002275778;MT;1.9;1.9
3002274227;MT;1.9;1.9
3002280539;MT;1.95;1.95
3002253759;MA;1.95;1.95
3002053233;MA;1.95;1.95
3002230344;MT;1.95;1.95
3002224685;MT;1.95;1.95
3002241085;MT;1.9;1.9
3002306912;MT;1.9;1.9
3002250458;MT;1.9;1.9
3002294142;MT;1.9;1.9
3002314916;MT;1.9;1.9
3002268278;MT;1.95;1.95
3002280729;MT;1.95;1.95
3002241127;MT;1.9;1.9
3002250540;MT;1.9;1.9
3002244246;MT;1.9;1.9
3002259798;MT;1.9;1.9
3002235475;MT;1.95;1.95
3002310344;MT;1.9;1.9
3002289407;MT;1.95;1.95
3002268971;MT;1.95;1.95
3002283368;MT;1.95;1.95
3002275570;MT;1.9;1.9
3002279796;MT;1.95;1.95
3002225062;MT;1.95;1.95
3002250276;MT;1.9;1.9
3002232324;MT;1.95;1.95
3002288243;MT;1.9;1.9
3002280158;MT;1.9;1.9
3002280133;MT;1.9;1.9
3002265563;MT;1.95;1.95
3002271272;MT;1.95;1.95
3002292757;MT;1.95;1.95
3002128431;MT;1.95;1.95
3002235467;MT;1.9;1.9
3002280448;MT;1.95;1.95
3002158214;MT;1.95;1.95
3002228298;MT;1.95;1.95
3002306805;MT;1.9;1.9
3002239402;MT;1.9;1.9
3002280596;MT;1.9;1.9
3002281149;MT;1.95;1.95
3002136699;MA;1.95;1.95
3002265860;MT;1.9;1.9
3002285454;MT;1.95;1.95
3002226912;MT;1.95;1.95
3002228082;MT;1.95;1.95
3002307134;MT;1.9;1.9
3002275927;MT;1.9;1.9
3002292138;MT;1.9;1.9
3002314908;MT;1.9;1.9
3002219040;MA;1.95;1.95
3002306136;MT;1.95;1.95
3002228124;MT;1.95;1.95
3002191728;MT;1.95;1.95
3002310047;MT;1.9;1.9
3002267262;MA;1.95;1.95
3002243552;MT;1.9;1.9
3002257958;MA;1.9;1.9
3002277345;MT;1.9;1.9
3002268328;MT;1.95;1.95
3002102725;MT;1.95;1.95
3002281255;MT;1.9;1.9
3002277105;MT;1.9;1.9
3002228280;MA;1.95;1.95
3002308454;MT;1.9;1.9
3002303950;MT;1.9;1.9
3002271108;MT;1.95;1.95
3002319089;MT;1.9;1.9
3002271447;MT;1.95;1.95
3002240863;MT;1.9;1.9
3002224883;MT;1.95;1.95
3002275273;MT;1.9;1.9
3002221665;MT;1.95;1.95
3002303877;MT;1.9;1.9
3002182388;MT;1.95;1.95
3002240822;MT;1.9;1.9
3002145161;MT;1.95;1.95
3002249906;MT;1.9;1.9
3002193039;MT;1.95;1.95
3002262842;MT;1.95;1.95
3002250441;MA;1.9;1.9
3002222275;MT;1.95;1.95
3002241069;MT;1.9;1.9
3002250482;MT;1.9;1.9
3002185084;MT;1.95;1.95
3001984479;MA;1.95;1.95
3002292807;MT;1.95;1.95
3002279168;MT;1.95;1.95
3002270555;MT;1.95;1.95
3002263337;MA;1.9;1.9
3002200362;MA;1.95;1.95
3002240848;MT;1.9;1.9
3002250110;MT;1.9;1.9
3002253866;MT;1.9;1.9
3002222101;MT;1.95;1.95
3002243651;MT;1.9;1.9
3002251001;MT;1.95;1.95
3002224446;MT;1.95;1.95
3002241143;MT;1.9;1.9
3002301921;MT;1.95;1.95
3002304347;MT;1.9;1.9
3002268351;MT;1.95;1.95
3002093551;MT;1.95;1.95
3002245045;MT;1.95;1.95
3002312399;MT;1.9;1.9
3002238198;MT;1.95;1.95
3002280422;MT;1.95;1.95
3002252348;MT;1.9;1.9
3002190936;MT;1.95;1.95
3002231706;MT;1.9;1.9
3002099582;MT;1.95;1.95
3002268443;MT;1.9;1.9
3002250409;MT;1.9;1.9
3002306110;MT;1.95;1.95
3002236408;MT;1.9;1.9
3002191736;MT;1.95;1.95
3002235061;MT;1.95;1.95
3002293565;MT;1.95;1.95
3002229643;MT;1.95;1.95
3002303935;MT;1.9;1.9
3002271157;MT;1.9;1.9
3002249278;MT;1.9;1.9
3002248791;MA;1.9;1.9
3002192999;MT;1.95;1.95
3002247488;MT;1.95;1.95
3002243438;MT;1.9;1.9
3002243529;MT;1.9;1.9
3002280828;MT;1.9;1.9
3002243487;MT;1.9;1.9
3002266629;MT;1.95;1.95
3002254682;MT;1.9;1.9
3002256240;MT;1.95;1.95
3002243610;MT;1.9;1.9
3002277287;MT;1.9;1.9
3002252884;MT;1.9;1.9
3002308678;MT;1.9;1.9
3002224461;MT;1.95;1.95
3002267379;MT;1.95;1.95
3002269805;MT;1.95;1.95
3002251050;MT;1.95;1.95
3002243750;MT;1.95;1.95
3002307068;MT;1.9;1.9
3002180093;MT;1.95;1.95
3002289126;MT;1.9;1.9
3002095994;MT;1.95;1.95
3002243628;MT;1.9;1.9
3002243503;MT;1.9;1.9
3002221467;MT;1.95;1.95
3002304081;MT;1.9;1.9
3002306771;MT;1.9;1.9
3002272700;MA;1.95;1.95
3002243073;MT;1.9;1.9
3002256174;MT;1.9;1.9
3002250391;MT;1.9;1.9
3002250946;MT;1.95;1.95
3002276230;MT;1.9;1.9
3002226805;MT;1.95;1.95
3002209769;MA;1.95;1.95
3002292229;MT;1.95;1.95
3002184145;MT;1.95;1.95
3002276206;MT;1.9;1.9
3002277113;MT;1.9;1.9
3002243115;MT;1.9;1.9
3002241176;MT;1.9;1.9
3002263907;MT;1.9;1.9
3002243677;MT;1.9;1.9
3002108581;MT;1.95;1.95
3002248742;MT;1.9;1.9
3002243966;MT;1.95;1.95
3002250136;MA;1.9;1.9
3002252512;MA;1.9;1.9
3002280851;MA;1.9;1.9
3002254021;MA;1.9;1.9
3002290017;MA;1.9;1.9
3002248833;MA;1.9;1.9
3002254807;MA;1.9;1.9
3002290611;MA;1.9;1.9
3002248528;MA;1.9;1.9
3002249146;MA;1.9;1.9
3002282774;MA;1.9;1.9
3002250375;MA;1.9;1.9
3002292567;MA;1.9;1.9
3002265811;MA;1.9;1.9
3002249856;MA;1.9;1.9
3002249997;MA;1.9;1.9
3002249781;MA;1.9;1.9
3002257834;MA;1.9;1.9
3002250318;MA;1.9;1.9
3002271181;MA;1.9;1.9
3002250284;MA;1.9;1.9
3002248734;MA;1.9;1.9
3002319105;MA;1.9;1.9
3002259046;MA;1.9;1.9
3002265621;MA;1.9;1.9
3002290066;MA;1.9;1.9
3002248643;MA;1.9;1.9
3002254518;MA;1.95;1.95
3002318719;MA;1.9;1.9
3002288961;MA;1.95;1.95
3002249849;MA;1.9;1.9
3002265605;MA;1.9;1.9
3002247322;MA;1.95;1.95
3002287138;MA;1.9;1.9
3002262107;MA;1.9;1.9
3002249922;MA;1.9;1.9
3002252462;MA;1.9;1.9
3002268963;MA;1.95;1.95
3002312340;MA;1.9;1.9
3002294951;MA;1.9;1.9
3002303919;MA;1.9;1.9
3002255176;MA;1.95;1.95
3002268468;MA;1.9;1.9
3002274177;MA;1.9;1.9
3002248916;MA;1.9;1.9
3002250060;MA;1.9;1.9
3002257644;MA;1.9;1.9
3002146714;MA;1.95;1.95
3002265779;MA;1.9;1.9
3002248676;MA;1.9;1.9
3002250128;MA;1.9;1.9
3002259806;MA;1.9;1.9
3002263170;MA;1.9;1.9
3002262248;MA;1.9;1.9
3002041345;MA;1.95;1.95
3002286973;MA;1.9;1.9
3002263865;MA;1.9;1.9
3002271702;MA;1.9;1.9
3002198202;MA;1.95;1.95
3002248775;MA;1.9;1.9
3002271686;MA;1.9;1.9
3002277121;MA;1.9;1.9
3002274391;MA;1.9;1.9
3002248726;MA;1.9;1.9
3002262263;MA;1.9;1.9
3002224826;MA;1.95;1.95
3002282899;MA;1.9;1.9
3002254757;MA;1.9;1.9
3002250599;MA;1.9;1.9
3002209736;MA;1.95;1.95
3002261232;MA;1.9;1.9
3002244188;MA;1.9;1.9
3002250086;MA;1.9;1.9
3002271066;MA;1.9;1.9
3002294167;MA;1.9;1.9
3002290561;MA;1.9;1.9
3002214553;MA;1.95;1.95
3002243370;MA;1.9;1.9
3002261521;MA;1.95;1.95
3002249773;MA;1.9;1.9
3002254005;MA;1.9;1.9
3002266397;MA;1.95;1.95
3002148462;MA;1.95;1.95
3002148470;MA;1.95;1.95
3002271777;MA;1.9;1.9
3002256133;MA;1.9;1.9
3002252587;MA;1.9;1.9
3002020737;MA;1.95;1.95
3002243180;MA;1.9;1.9
3002240509;MA;1.95;1.95
3002304511;MA;1.95;1.95
3002317919;MA;1.9;1.9
3002308108;MA;1.95;1.95
3002248858;MA;1.9;1.9
3002289076;MA;1.9;1.9
3002295362;MA;1.95;1.95
3002311052;MA;1.9;1.9
3002275133;MA;1.9;1.9
3002312183;MA;1.9;1.9
3002250045;MA;1.9;1.9
3002275893;MA;1.9;1.9
3002246001;MA;1.95;1.95
3002249179;MA;1.9;1.9
3002290256;MA;1.9;1.9
3002248627;MA;1.9;1.9
3002260499;MA;1.95;1.95
3002275018;MA;1.9;1.9
3002250227;MA;1.9;1.9
3002199838;MA;1.95;1.95
3002250219;MA;1.9;1.9
3002250003;MA;1.9;1.9
3002304164;MA;1.9;1.9
3002238792;MA;1.95;1.95
3002250573;MA;1.9;1.9
3002248841;MA;1.9;1.9
3002280638;MA;1.9;1.9
3002304503;MA;1.9;1.9
3002252306;MA;1.9;1.9
3002304131;MA;1.9;1.9
3002304057;MA;1.9;1.9
3002250797;MA;1.9;1.9
3002255150;MA;1.95;1.95
3002249120;MA;1.9;1.9
3002277295;MA;1.9;1.9
3002285322;MA;1.9;1.9
3002275190;MA;1.9;1.9
3002283145;MA;1.95;1.95
3002252066;MA;1.95;1.95
3002291361;MA;1.95;1.95
3002268500;MA;1.9;1.9
3002143992;MA;1.95;1.95
3002305450;MA;1.9;1.9
3002263287;MA;1.9;1.9
3002241358;MA;1.95;1.95
3002282741;MA;1.9;1.9
3002250730;MA;1.9;1.9
3002250771;MA;1.9;1.9
3002301939;MA;1.95;1.95
3002232241;MA;1.9;1.9
3002273526;MA;1.95;1.95
3002249591;MA;1.9;1.9
3002136830;MA;1.95;1.95
3002206195;MA;1.95;1.95
3002249823;MA;1.9;1.9
3002248809;MA;1.9;1.9
3002243248;MA;1.9;1.9
3002304321;MA;1.95;1.95
3002270969;MA;1.9;1.9
3002131674;MA;1.95;1.95
3002312241;MA;1.9;1.9
3002248585;MA;1.9;1.9
3002051146;MA;1.95;1.95
3002235426;MA;1.95;1.95
3002276107;MA;1.9;1.9
3002209298;MA;1.95;1.95
3002232373;MA;1.9;1.9
3002229049;MA;1.95;1.95
3002290546;MA;1.9;1.9
3002252694;MA;1.9;1.9
3002250144;MA;1.9;1.9
3002284549;MA;1.9;1.9
3002275026;MA;1.95;1.95
3002295586;MT;1.95;1.95
3002301491;MT;1.95;1.95
3002312977;MT;1.95;1.95
3002319501;MT;1.95;1.95
3002325482;MT;1.95;1.95
3002327330;MT;1.95;1.95
3002327769;MA;1.95;1.95
3002327785;MT;1.95;1.95
3002328569;MT;1.95;1.95
3002330698;MA;1.95;1.95
3002331324;MT;1.95;1.95
3002331829;MT;1.95;1.95
3002332470;MT;1.95;1.95
3002332645;MT;1.95;1.95
3002333957;MT;1.95;1.95
3002334898;MA;1.95;1.95
3002335085;MA;1.95;1.95
3002336380;MT;1.95;1.95
3002292591;MT;1.95;1.95
3002308900;MT;1.95;1.95
3002327710;MA;1.95;1.95
3002333874;MA;1.95;1.95
3002336208;MT;1.95;1.95
3002338733;MT;1.95;1.95
3002339210;MA;1.95;1.95
3002340473;MA;1.95;1.95
3002344517;MT;1.95;1.95
3002327579;MT;1.9;1.9
3002327892;MT;1.9;1.9
3002335390;MT;1.9;1.9
3002324469;MA;1.9;1.9
3002328247;MA;1.9;1.9
3002338634;MA;1.9;1.9
3002336406;MT;1.9;1.9
3002333346;MT;1.9;1.9
3002333429;MA;1.9;1.9
3002334039;MT;1.9;1.9
3002332082;MT;1.9;1.9
3002333064;MA;1.9;1.9
3002326134;MA;1.9;1.9
3002327959;MA;1.9;1.9
3002306995;MA;1.9;1.9
3002326951;MT;1.9;1.9
3002328007;MA;1.9;1.9
3002341711;MT;1.9;1.9
3002333312;MA;1.9;1.9
3002333403;MA;1.9;1.9
3002333205;MT;1.9;1.9
3002344731;MA;1.9;1.9
3002338717;MT;1.9;1.9
3002328072;MA;1.9;1.9
3002327884;MA;1.9;1.9
3002327603;MA;1.9;1.9
3002327942;MT;1.9;1.9
3002328080;MA;1.9;1.9
3002338626;MA;1.9;1.9
3002338949;MT;1.9;1.9
3002341877;MA;1.9;1.9
3002327991;MA;1.9;1.9
3002327918;MA;1.9;1.9
3002327975;MT;1.9;1.9
3002328205;MA;1.9;1.9
3002328577;MA;1.9;1.9
3002332066;MT;1.9;1.9
3002333056;MA;1.9;1.9
3002327728;MT;1.9;1.9
3002328064;MA;1.9;1.9
3002328544;MT;1.9;1.9
3002328197;MA;1.9;1.9
3002336901;MA;1.9;1.9
3002338683;MT;1.9;1.9
3002338923;MA;1.9;1.9
3002328312;MA;1.9;1.9
3002327900;MA;1.9;1.9
3002328742;MT;1.9;1.9
3002328056;MA;1.9;1.9
3002341810;MA;1.9;1.9
3002338600;MA;1.9;1.9
3002338642;MT;1.9;1.9
3002338808;MT;1.9;1.9
3002328163;MA;1.9;1.9
3002333395;MA;1.9;1.9
3002333981;MT;1.9;1.9
3002327967;MA;1.9;1.9
3002333536;MT;1.9;1.9
3002332116;MT;1.9;1.9
3002331993;MT;1.9;1.9
3002335994;MA;1.9;1.9
3002333098;MT;1.9;1.9
3002334393;MT;1.9;1.9
3002336463;MT;1.9;1.9
3002336836;MT;1.9;1.9
3002336018;MA;1.9;1.9
3002337040;MA;1.9;1.9
3002338493;MT;1.9;1.9
3002333080;MA;1.9;1.9
3002321069;MT;1.95;1.95
3002336521;MT;1.95;1.95
3002336869;MT;1.95;1.95
3002337727;MT;1.95;1.95
3002344871;MT;1.95;1.95
3002345456;MT;1.95;1.95
3002345480;MT;1.95;1.95
3002351371;MT;1.95;1.95
3002349631;MT;1.9;1.9
3002128472;MT;1.9;1.9
3002349524;MA;1.9;1.9
3002328734;MA;1.9;1.9
3002348765;MA;1.9;1.9
3002338758;MA;1.9;1.9
3002345050;MA;1.9;1.9
3002350506;MA;1.9;1.9
3002349490;MT;1.9;1.9
3002343865;MA;1.9;1.9
3002350175;MA;1.9;1.9
3002345639;MT;1.9;1.9
3002350639;MA;1.9;1.9
3002352320;MA;1.9;1.9
3002351595;MT;1.9;1.9
3002350688;MT;1.9;1.9
3002347924;MT;1.9;1.9
3002349359;MA;1.9;1.9
3002350050;MA;1.9;1.9
3002349417;MA;1.9;1.9
3002350290;MA;1.9;1.9
3002351645;MT;1.9;1.9
3002324535;MT;1.9;1.9
3002351827;MA;1.9;1.9
3002349581;MA;1.9;1.9
3002310153;MT;1.9;1.9
3002350464;MA;1.9;1.9
3002271256;MT;1.9;1.9
3002350423;MA;1.9;1.9
3002350274;MA;1.9;1.9
3002351702;MA;1.9;1.9
3002349367;MT;1.9;1.9
3002351538;MA;1.9;1.9
3002338857;MA;1.9;1.9
3002350399;MA;1.9;1.9
3002352114;MA;1.9;1.9
3002352130;MT;1.9;1.9
3002350258;MA;1.9;1.9
3002352403;MA;1.9;1.9
3002351694;MA;1.9;1.9
3002350746;MA;1.9;1.9
3002351421;MA;1.9;1.9
3002352346;MA;1.9;1.9
3002352213;MA;1.9;1.9
3002358285;MA;1.9;1.9
3002351900;MA;1.9;1.9
3002352890;MT;1.9;1.9
3002358475;MA;1.9;1.9
3002351686;MT;1.9;1.9
3002361495;MA;1.9;1.9
3002352486;MA;1.9;1.9
3002350365;MA;1.9;1.9
3002338881;MA;1.9;1.9
3002356818;MA;1.9;1.9
3002358269;MA;1.9;1.9
3002353294;MT;1.9;1.9
3002358368;MA;1.9;1.9
3002356933;MT;1.9;1.9
3002350217;MA;1.9;1.9
3002352882;MA;1.9;1.9
3002353302;MA;1.9;1.9
3002358244;MT;1.9;1.9
3002358319;MA;1.9;1.9
3002340291;MT;1.95;1.95
3002353096;MT;1.95;1.95
3002353955;MA;1.95;1.95
3002357337;MA;1.95;1.95
3002357402;MT;1.95;1.95
3002357915;MT;1.95;1.95
3002295388;MT;1.95;1.95
3002318610;MA;1.95;1.95
3002331225;MT;1.95;1.95
3002331746;MT;1.95;1.95
3002332389;MT;1.95;1.95
3002354136;MA;1.95;1.95
3002363848;MA;1.95;1.95
3002365447;MT;1.95;1.95
3002361628;MA;1.9;1.9
3002362543;MA;1.9;1.9
3002363772;MA;1.9;1.9
3002366312;MT;1.9;1.9
3002363863;MA;1.9;1.9
3002367914;MA;1.9;1.9
3002368052;MA;1.9;1.9
3002358228;MT;1.9;1.9
3002294241;MA;1.9;1.9
3002317968;MT;1.9;1.9
3002363806;MA;1.9;1.9
3002341968;MT;1.9;1.9
3002362519;MA;1.9;1.9
3002363921;MT;1.9;1.9
3002361412;MA;1.9;1.9
3002361420;MA;1.9;1.9
3002363947;MA;1.9;1.9
3002352874;MA;1.9;1.9
3002361586;MA;1.9;1.9
3002363731;MA;1.9;1.9
3002350233;MA;1.9;1.9
3002364010;MA;1.9;1.9
3002358236;MA;1.9;1.9
3002364051;MA;1.9;1.9
3002361602;MA;1.9;1.9
3002358467;MT;1.9;1.9
3002364192;MA;1.9;1.9
3002361958;MA;1.9;1.9
3002363665;MT;1.9;1.9
3002361685;MA;1.9;1.9
3002363830;MT;1.9;1.9
3002368086;MA;1.9;1.9
3002364267;MA;1.9;1.9
3002366643;MA;1.9;1.9
3002363970;MT;1.9;1.9
3002361545;MA;1.9;1.9
3002365801;MA;1.9;1.9
3002367849;MA;1.9;1.9
3002364127;MA;1.9;1.9
3002366601;MA;1.9;1.9
3002368037;MA;1.9;1.9
3002364150;MT;1.9;1.9
3002366247;MT;1.9;1.9
3002364234;MA;1.9;1.9
3002366619;MT;1.9;1.9
3002366783;MT;1.9;1.9
3002364259;MA;1.9;1.9
3002367823;MA;1.9;1.9
3002364549;MT;1.9;1.9
3002364309;MA;1.9;1.9
3002367922;MA;1.9;1.9
3002299596;MT;1.95;1.95
3002301392;MT;1.95;1.95
3002319998;MT;1.95;1.95
3002338345;MT;1.95;1.95
3002373250;MA;1.95;1.95
3002375388;MT;1.95;1.95
3002375586;MT;1.95;1.95
3002377855;MA;1.95;1.95
3002371445;MA;1.9;1.9
3002371783;MT;1.9;1.9
3002318016;MT;1.9;1.9
3002324659;MT;1.9;1.9
3002367856;MA;1.9;1.9
3002345233;MT;1.9;1.9
3002364291;MA;1.9;1.9
3002371726;MT;1.9;1.9
3002371403;MA;1.9;1.9
3002358558;MA;1.9;1.9
3002372062;MA;1.9;1.9
3002366288;MA;1.9;1.9
3002371825;MA;1.9;1.9
3002373391;MT;1.9;1.9
3002366411;MA;1.9;1.9
3002368078;MA;1.9;1.9
3002366395;MT;1.9;1.9
3002371684;MA;1.9;1.9
3002374027;MT;1.9;1.9
3002373870;MA;1.9;1.9
3002367880;MA;1.9;1.9
3002376121;MA;1.9;1.9
3002374720;MA;1.9;1.9
3002371460;MA;1.9;1.9
3002378614;MT;1.9;1.9
3002377384;MA;1.9;1.9
3002376253;MA;1.9;1.9
3002378622;MT;1.9;1.9
3002372138;MA;1.9;1.9
3002372013;MT;1.9;1.9
3002373953;MA;1.9;1.9
3002374753;MA;1.9;1.9
3002376352;MT;1.95;1.95
3002378408;MA;1.95;1.95
3002378903;MT;1.95;1.95
3002378929;MT;1.95;1.95
3002379539;MT;1.95;1.95
3002379547;MT;1.95;1.95
3002379562;MT;1.95;1.95
3002379844;MT;1.95;1.95
3002381402;MT;1.95;1.95
3002381709;MT;1.95;1.95
3002382459;MT;1.95;1.95
3002382822;MT;1.95;1.95
3002382939;MT;1.95;1.95
3002384067;MT;1.95;1.95
3002385155;MT;1.95;1.95
3002345308;MT;1.9;1.9
3002362469;MA;1.9;1.9
3002371767;MA;1.9;1.9
3002353310;MT;1.9;1.9
3002379034;MA;1.9;1.9
3002380560;MA;1.9;1.9
3002381964;MA;1.9;1.9
3002376683;MA;1.9;1.9
3002376212;MA;1.9;1.9
3002371692;MA;1.9;1.9
3002382111;MA;1.9;1.9
3002327074;MA;1.9;1.9
3002381667;MA;1.9;1.9
3002348203;MT;1.9;1.9
3002379018;MA;1.9;1.9
3002381931;MA;1.9;1.9
3002378606;MA;1.9;1.9
3002376022;MA;1.9;1.9
3002379893;MA;1.9;1.9
3002379976;MT;1.9;1.9
3002381881;MA;1.9;1.9
3002382095;MA;1.9;1.9
3002381782;MT;1.9;1.9
3002371551;MA;1.9;1.9
3002378580;MA;1.9;1.9
3002382012;MA;1.9;1.9
3002374738;MA;1.9;1.9
3002385346;MT;1.9;1.9
3002352296;MA;1.9;1.9
3002364366;MA;1.9;1.9
3002385221;MT;1.9;1.9
3002334096;MT;1.9;1.9
3002387821;MT;1.9;1.9
3002372104;MA;1.9;1.9
3002345399;MT;1.9;1.9
3002385882;MA;1.9;1.9
3002349565;MA;1.9;1.9
3002386229;MT;1.9;1.9
3002387466;MA;1.9;1.9
3002386054;MT;1.9;1.9
3002381808;MA;1.9;1.9
3002351546;MT;1.9;1.9
3002388696;MT;1.9;1.9
3002387474;MA;1.9;1.9
3002385999;MA;1.9;1.9
3002388605;MT;1.9;1.9
3002392854;MT;1.9;1.9
3002375800;MA;1.9;1.9
3002389272;MA;1.9;1.9
3002381410;MA;1.9;1.9
3002391583;MT;1.9;1.9
3002385924;MT;1.9;1.9
3002400574;MA;1.9;1.9
3002392680;MT;1.9;1.9
3002387482;MT;1.9;1.9
3002391831;MT;1.9;1.9
3002392805;MT;1.9;1.9
3002389405;MA;1.9;1.9
3002400442;MA;1.9;1.9
3002391773;MT;1.9;1.9
3002389090;MA;1.9;1.9
3002391567;MT;1.9;1.9
3002387664;MA;1.9;1.9
3002387847;MA;1.9;1.9
3002388597;MA;1.9;1.9
3002392755;MT;1.9;1.9
3002397903;MT;1.9;1.9
3002389025;MT;1.9;1.9
3002310864;MT;1.95;1.95
3002390262;MT;1.95;1.95
3002385171;MT;1.95;1.95
3002389439;MT;1.95;1.95
3002386799;MA;1.95;1.95
3002356255;MT;1.95;1.95
3002326142;MT;1.95;1.95
3002390627;MT;1.95;1.95
3002388209;MT;1.95;1.95
3002391419;MT;1.95;1.95
3002333130;MT;1.95;1.95
3002361230;MT;1.95;1.95
3002386732;MA;1.95;1.95
3002392466;MT;1.95;1.95
3002395816;MA;1.95;1.95
3002396020;MT;1.95;1.95
3002400996;MT;1.95;1.95
3002401002;MA;1.95;1.95
3002401176;MT;1.95;1.95
3002402497;MA;1.95;1.95
3002404352;MT;1.95;1.95
3002404477;MT;1.95;1.95
3002405771;MT;1.95;1.95
3002406514;MT;1.95;1.95
3002407199;MA;1.95;1.95
3002407413;MA;1.95;1.95
3002407496;MA;1.95;1.95
3002408247;MT;1.95;1.95
3002412132;MT;1.95;1.95
3002362832;MA;1.9;1.9
3002387623;MT;1.9;1.9
3002387581;MT;1.9;1.9
3002387912;MA;1.9;1.9
3002398026;MT;1.9;1.9
3002400384;MT;1.9;1.9
3002404410;MA;1.9;1.9
3002405789;MA;1.9;1.9
3002400145;MT;1.9;1.9
3002400376;MT;1.9;1.9
3002391948;MA;1.9;1.9
3002400269;MT;1.9;1.9
3002409971;MT;1.9;1.9
3002411092;MT;1.9;1.9
3002400764;MA;1.9;1.9
3002401440;MT;1.9;1.9
3002386039;MA;1.9;1.9
3002344426;MA;1.9;1.9
3002400475;MA;1.9;1.9
3002400350;MT;1.9;1.9
3002400111;MT;1.9;1.9
3002400517;MA;1.9;1.9
3002402232;MA;1.9;1.9
3002400616;MA;1.9;1.9
3002400715;MA;1.9;1.9
3002388639;MT;1.9;1.9
3002400541;MA;1.9;1.9
3002400236;MT;1.9;1.9
3002400699;MA;1.9;1.9
3002399966;MT;1.9;1.9
3002400210;MT;1.9;1.9
3002410185;MT;1.9;1.9
3002400186;MT;1.9;1.9
3002400962;MT;1.9;1.9
3002387656;MA;1.9;1.9
3002411456;MA;1.9;1.9
3002400632;MT;1.9;1.9
3002402190;MA;1.9;1.9
3002400277;MT;1.9;1.9
3002400731;MA;1.9;1.9
3002411365;MT;1.9;1.9
3002403784;MA;1.9;1.9
3002401010;MT;1.9;1.9
3002400418;MA;1.9;1.9
3002404832;MA;1.9;1.9
3002400533;MT;1.9;1.9
3002400301;MT;1.9;1.9
3002402208;MT;1.9;1.9
3002406456;MA;1.9;1.9
3002404394;MT;1.9;1.9
3002410086;MT;1.9;1.9
3002411324;MT;1.9;1.9
3002404899;MT;1.9;1.9
3002411530;MA;1.9;1.9
3002406720;MA;1.9;1.9
3002327702;MA;1.95;1.95
3002336620;MT;1.95;1.95
3002403859;MT;1.95;1.95
3002404022;MA;1.95;1.95
3002404204;MT;1.95;1.95
3002412017;MA;1.95;1.95
3002413825;MT;1.95;1.95
3002413866;MA;1.95;1.95
3002414294;MA;1.95;1.95
3002415150;MT;1.95;1.95
3002415200;MT;1.95;1.95
3002415937;MA;1.95;1.95
3002420911;MA;1.95;1.95
3002421190;MA;1.95;1.95
3002299711;MT;1.95;1.95
3002412108;MA;1.95;1.95
3002412579;MA;1.95;1.95
3002417248;MA;1.95;1.95
3002420937;MA;1.95;1.95
3002349839;MA;1.9;1.9
3002400046;MT;1.9;1.9
3002381527;MA;1.9;1.9
3002407389;MT;1.9;1.9
3002407215;MT;1.9;1.9
3002339053;MT;1.9;1.9
3002402521;MT;1.9;1.9
3002351959;MT;1.9;1.9
3002391872;MT;1.9;1.9
3002371502;MA;1.9;1.9
3002389371;MA;1.9;1.9
3002421133;MT;1.9;1.9
3002400426;MA;1.9;1.9
3002421380;MA;1.9;1.9
3002421505;MT;1.9;1.9
3002371494;MA;1.9;1.9
3002400681;MA;1.9;1.9
3002400525;MA;1.9;1.9
3002407157;MT;1.9;1.9
3002365884;MT;1.9;1.9
3002414732;MT;1.9;1.9
3002422404;MA;1.9;1.9
3002414690;MA;1.9;1.9
3002422461;MT;1.9;1.9
3002422347;MT;1.9;1.9
3002422370;MA;1.9;1.9
3002407330;MA;1.9;1.9
3002407108;MT;1.9;1.9
3002422420;MA;1.9;1.9
3002415010;MA;1.9;1.9
3002416216;MA;1.9;1.9
3002423295;MA;1.9;1.9
3002386062;MT;1.9;1.9
3002406886;MA;1.9;1.9
3002407249;MA;1.9;1.9
3002412686;MT;1.9;1.9
3002415580;MT;1.9;1.9
3002412256;MT;1.9;1.9
3002423220;MA;1.9;1.9
3002423394;MA;1.9;1.9
3002423840;MT;1.9;1.9
3002407298;MA;1.9;1.9
3002412090;MT;1.9;1.9
3002416158;MA;1.9;1.9
3002416620;MA;1.9;1.9
3002416257;MA;1.9;1.9
3002418360;MA;1.9;1.9
3002416968;MA;1.9;1.9
3002421141;MT;1.9;1.9
3002414666;MA;1.9;1.9
3002416869;MT;1.9;1.9
3002415002;MA;1.9;1.9
3002423899;MT;1.9;1.9
3002422446;MA;1.9;1.9
3002420887;MT;1.9;1.9
3002423246;MA;1.9;1.9
3002421349;MA;1.9;1.9
3002421547;MA;1.9;1.9
3002423410;MA;1.9;1.9
3002425340;MT;1.9;1.9
3002412223;MA;1.9;1.9
3002412314;MA;1.9;1.9
3002412454;MA;1.9;1.9
3002412280;MA;1.9;1.9
3002412736;MA;1.9;1.9
3002412512;MT;1.9;1.9
3002422206;MA;1.9;1.9
3002422305;MT;1.9;1.9
3002412801;MA;1.9;1.9
3002359440;MT;1.95;1.95
3002421935;MT;1.95;1.95
3002426199;MT;1.95;1.95
3002433237;MT;1.95;1.95
3002433575;MA;1.95;1.95
3002435539;MT;1.95;1.95
3002410037;MA;1.9;1.9
3002328304;MT;1.9;1.9
3002424640;MA;1.9;1.9
3002324568;MT;1.9;1.9
3002431157;MT;1.9;1.9
3002349821;MT;1.9;1.9
3002433609;MA;1.9;1.9
3002431603;MA;1.9;1.9
3002425332;MA;1.9;1.9
3002433518;MA;1.9;1.9
3002388373;MA;1.9;1.9
3002365835;MA;1.9;1.9
3002362964;MT;1.9;1.9
3002433427;MT;1.9;1.9
3002434326;MA;1.9;1.9
3002433641;MT;1.9;1.9
3002420416;MA;1.9;1.9
3002435547;MT;1.9;1.9
3002416596;MA;1.9;1.9
3002424806;MT;1.9;1.9
3002434367;MT;1.9;1.9
3002437352;MA;1.9;1.9
3002436081;MA;1.9;1.9
3002436172;MT;1.9;1.9
3002421570;MT;1.9;1.9
3002425258;MT;1.9;1.9
3002433534;MA;1.9;1.9
3002434318;MA;1.9;1.9
3002435513;MA;1.9;1.9
3002433005;MT;1.95;1.95
3002438780;MA;1.95;1.95
3002438921;MA;1.95;1.95
3002439960;MA;1.95;1.95
3002442220;MA;1.95;1.95
3002425233;MA;1.9;1.9
3002441909;MA;1.9;1.9
3002437469;MT;1.9;1.9
3002440737;MA;1.9;1.9
3002433468;MA;1.9;1.9
3002440810;MA;1.9;1.9
3002437162;MT;1.9;1.9
3002429805;MA;1.9;1.9
3002437212;MA;1.9;1.9
3002436909;MT;1.9;1.9
3002437378;MT;1.9;1.9
3002441776;MA;1.9;1.9
3002442436;MA;1.9;1.9
3002440679;MA;1.9;1.9
3002441867;MA;1.9;1.9
3002439333;MA;1.9;1.9
3002442667;MA;1.9;1.9
3002441974;MA;1.9;1.9
3002442568;MA;1.9;1.9
3002443541;MT;1.9;1.9
3002441198;MA;1.9;1.9
3002442014;MA;1.9;1.9
3002437238;MA;1.9;1.9
3002442527;MA;1.9;1.9
3002437485;MT;1.9;1.9
3002442444;MT;1.9;1.9
3002442626;MT;1.9;1.9
3002443764;MT;1.9;1.9
6001405973;INSS;2;2
6001513677;INSS;2;2
6001419206;INSS;2;2
6001417291;INSS;2;2
3002369837;MA;1.95;1.95
3002405011;MT;1.95;1.95
3002413395;MA;1.95;1.95
3002421810;MA;1.95;1.95
3002440745;MT;1.95;1.95
3002444127;MA;1.95;1.95
3002444135;MA;1.95;1.95
3002444184;MT;1.95;1.95
3002445033;MT;1.95;1.95
3002445587;MA;1.95;1.95
3002448490;MT;1.95;1.95
3002449183;MT;1.95;1.95
3002449217;MT;1.95;1.95
3002449449;MT;1.95;1.95
3002449720;MA;1.95;1.95
3002455321;MT;1.95;1.95
3002443590;MT;1.95;1.95
3002446940;MA;1.95;1.95
3002441990;MA;1.95;1.95
3002364143;MA;1.95;1.95
3002440778;MT;1.95;1.95
3002421976;MA;1.95;1.95
3002365736;MA;1.95;1.95
3002447419;MA;1.95;1.95
3002443418;MA;1.95;1.95
3002444168;MA;1.95;1.95
3002443434;MA;1.95;1.95
3002437477;MT;1.95;1.95
3002447344;MA;1.95;1.95
3002449571;MA;1.95;1.95
3002449639;MA;1.95;1.95
3002447245;MA;1.95;1.95
3002443616;MT;1.95;1.95
3002444143;MA;1.95;1.95
3002450314;MA;1.95;1.95
3002450165;MA;1.95;1.95
3002447450;MA;1.95;1.95
3002450140;MA;1.95;1.95
3002447195;MA;1.95;1.95
3002447567;MA;1.95;1.95
3002452872;MT;1.95;1.95
3002453888;MT;1.95;1.95
3002449654;MA;1.95;1.95
3002439879;MT;1.95;1.95
3002443384;MA;1.95;1.95
3002414674;MT;1.95;1.95
3002444978;MT;1.95;1.95
3002445298;MT;1.95;1.95
3002445314;MT;1.95;1.95
3002463457;MA;1.95;1.95
3002464331;MA;1.95;1.95
3002437139;MA;1.95;1.95
3002455826;MA;1.95;1.95
3002456386;MA;1.95;1.95
3002457467;MA;1.95;1.95
3002459257;MA;1.95;1.95
3002439853;MA;1.95;1.95
3002350795;MT;1.95;1.95
3002349680;MT;1.95;1.95
3002352916;MT;1.95;1.95
3002350837;MT;1.95;1.95
3002453409;MA;1.95;1.95
3002437501;MT;1.95;1.95
3002351850;MT;1.95;1.95
3002453003;MT;1.95;1.95
3002415556;MT;1.95;1.95
3002456030;MA;1.95;1.95
3002456329;MA;1.95;1.95
3002457426;MA;1.95;1.95
3002452955;MT;1.95;1.95
3002412561;MA;1.95;1.95
3002454084;MT;1.95;1.95
3002453458;MA;1.95;1.95
3002455677;MT;1.95;1.95
3002437410;MA;1.95;1.95
3002455875;MT;1.95;1.95
3002437311;MT;1.95;1.95
3002452286;MA;1.95;1.95
3002388498;MT;1.95;1.95
3002459711;MT;1.95;1.95
3002466468;MT;1.95;1.95
3002459745;MA;1.95;1.95
3002456212;MT;1.95;1.95
3002458614;MT;1.95;1.95
3002459448;MA;1.95;1.95
3002468746;MA;1.95;1.95
3002459422;MT;1.95;1.95
3002459497;MT;1.95;1.95
3002459521;MT;1.95;1.95
3002461048;MA;1.95;1.95
3002457301;MT;1.95;1.95
3002455933;MA;1.95;1.95
3002457475;MA;1.95;1.95
3002456287;MA;1.95;1.95
3002469900;MA;1.95;1.95
3002459299;MT;1.95;1.95
3002459455;MT;1.95;1.95
3002605867;MT;1.95;1.95
3002639189;MT;1.95;1.95
3002639205;MT;1.95;1.95
3002645319;MT;1.95;1.95
3002667891;MT;1.95;1.95
3002672602;MA;1.95;1.95
3002674335;MT;1.95;1.95
3002685992;MT;1.95;1.95
3002687626;MA;1.95;1.95
3002697369;MA;1.95;1.95
3002704082;MA;1.95;1.95
3002705709;MA;1.95;1.95
3002710873;MT;1.95;1.95
3002712309;MT;1.95;1.95
3002652216;MT;1.95;1.95
3002681843;MA;1.95;1.95
3002722555;MA;1.95;1.95
3002706947;MA;1.95;1.95
3002724841;MA;1.95;1.95
3002700833;MT;1.95;1.95
3002716128;MA;1.95;1.95
3002702698;MA;1.95;1.95
3002728578;MT;1.95;1.95
3002699035;MA;1.95;1.95
3002644577;MA;1.95;1.95
3002702730;MA;1.95;1.95
3002705048;MA;1.95;1.95
3002607343;MT;1.95;1.95
3002706400;MA;1.95;1.95
3002716235;MA;1.95;1.95
3002724791;MA;1.95;1.95
3002704918;MT;1.95;1.95
3002699126;MA;1.95;1.95
3002659492;MA;1.95;1.95
3002678864;MA;1.95;1.95
3002702656;MA;1.95;1.95
3002705105;MA;1.95;1.95
3002706376;MT;1.95;1.95
3002707028;MT;1.95;1.95
3002707382;MA;1.95;1.95
3002704926;MA;1.95;1.95
3002689960;MA;1.95;1.95
3002707119;MA;1.95;1.95
3002722571;MA;1.95;1.95
3002725087;MA;1.95;1.95
3002708935;MT;1.95;1.95
3002681892;MT;1.95;1.95
3002702771;MT;1.95;1.95
3002707218;MA;1.95;1.95
3002682023;MA;1.95;1.95
3002699084;MA;1.95;1.95
3002711772;MA;1.95;1.95
3002711897;MA;1.95;1.95
3002699118;MA;1.95;1.95
3002709032;MT;1.95;1.95
3002712093;MA;1.95;1.95
3002706319;MA;1.95;1.95
3002716193;MA;1.95;1.95
3002711970;MT;1.95;1.95
3002716151;MA;1.95;1.95
3002701963;MT;1.95;1.95
3002549271;MT;1.95;1.95
3002735946;MA;1.95;1.95
3002726630;MA;1.95;1.95
3002642845;MT;1.95;1.95
3002737702;MA;1.95;1.95
3002690042;MA;1.95;1.95
3002737637;MA;1.95;1.95
3002706970;MA;1.95;1.95
3002753113;MA;1.95;1.95
3002752727;MA;1.95;1.95
3002722464;MT;1.95;1.95
3002751851;MA;1.95;1.95
3002737595;MT;1.95;1.95
3002725491;MA;1.95;1.95
3002737884;MA;1.95;1.95
3002702433;MT;1.95;1.95
3002753311;MA;1.95;1.95
3002725434;MT;1.95;1.95
3002737504;MT;1.95;1.95
3002761991;MA;1.95;1.95
3001817703;MT;1.95;1.95
3002605479;MT;1.95;1.95
3002638827;MT;1.95;1.95
3002661811;MT;1.95;1.95
3002724254;MT;1.95;1.95
3002724619;MT;1.95;1.95
3002736068;MT;1.95;1.95
3002736902;MA;1.95;1.95
3002737058;MA;1.95;1.95
3002737363;MT;1.95;1.95
3002737546;MT;1.95;1.95
3002745267;MT;1.95;1.95
3002748709;MT;1.95;1.95
3002775371;MT;1.95;1.95
3002792160;MA;1.95;1.95
3002792442;MA;1.95;1.95
3002621146;MT;1.95;1.95
3002737371;MT;1.95;1.95
3002780447;MA;1.95;1.95
3002798183;MT;1.95;1.95
3002807729;MT;1.95;1.95
3002807752;MT;1.95;1.95
3002808313;MT;1.95;1.95
3002815383;MT;1.95;1.95
3002792772;MA;1.95;1.95
3002782179;MA;1.95;1.95
3002762296;MA;1.95;1.95
3002781700;MA;1.95;1.95
3002549297;MA;1.95;1.95
3002505414;MA;1.95;1.95
3002726382;MA;1.95;1.95
3002784043;MT;1.95;1.95
3002699514;MT;1.95;1.95
3002800161;MA;1.95;1.95
3002800120;MA;1.95;1.95
3002812752;MA;1.95;1.95
3002814048;MA;1.95;1.95
3002707481;MT;1.95;1.95
3002700874;MT;1.95;1.95
3002743817;MT;1.95;1.95
3002761652;MA;1.95;1.95
3002782062;MA;1.95;1.95
3002781866;MT;1.95;1.95
3002805509;MT;1.95;1.95
3002783896;MA;1.95;1.95
3002781791;MT;1.95;1.95
3002736241;MT;1.95;1.95
3002818346;MA;1.95;1.95
3002782245;MA;1.95;1.95
3002793036;MT;1.95;1.95
3002816506;MA;1.95;1.95
3002637068;MA;1.95;1.95
3002823643;MT;1.95;1.95
3002824526;MT;1.95;1.95
3002825622;MT;1.95;1.95
3002829590;MA;1.95;1.95
3002833691;MT;1.95;1.95
3002838849;MA;1.95;1.95
3002843609;MT;1.95;1.95
3002630048;MT;1.95;1.95
3002814733;MA;1.95;1.95
3002752974;MT;1.95;1.95
3002725277;MT;1.95;1.95
3002826059;MT;1.95;1.95
3002676801;MT;1.95;1.95
3002693624;MT;1.95;1.95
3002801227;MA;1.95;1.95
3002825911;MA;1.95;1.95
3002693657;MT;1.95;1.95
3002751745;MT;1.95;1.95
3002832438;MT;1.95;1.95
3002698854;MA;1.95;1.95
3002826596;MT;1.95;1.95
3002725806;MT;1.95;1.95
3002832545;MT;1.95;1.95
3002782161;MT;1.95;1.95
3002813651;MA;1.95;1.95
3002832701;MT;1.95;1.95
3002832826;MT;1.95;1.95
3002737900;MT;1.95;1.95
3002753261;MT;1.95;1.95
3002839961;MT;1.95;1.95
3002837387;MT;1.95;1.95
3002835308;MT;1.95;1.95
3002837866;MT;1.95;1.95
3002837155;MT;1.95;1.95
3002837569;MA;1.95;1.95
3002845489;MT;1.95;1.95
3002842072;MT;1.95;1.95
3002830358;MT;1.95;1.95
3002837676;MA;1.95;1.95
3002814170;MT;1.95;1.95
3002801219;MA;1.95;1.95
3002832628;MT;1.95;1.95
3002833162;MT;1.95;1.95
3002825754;MT;1.95;1.95
3002826471;MT;1.95;1.95
3002814063;MA;1.95;1.95
3002816415;MT;1.95;1.95
3002840134;MT;1.95;1.95
3002620486;MT;1.95;1.95
3002707523;MT;1.95;1.95
3002841975;MT;1.95;1.95
3002814857;MA;1.95;1.95
3002841637;MT;1.95;1.95
3002569618;MT;1.95;1.95
3002826604;MT;1.95;1.95
3002762452;MT;1.95;1.95
3002846362;MA;1.95;1.95
3002813974;MT;1.95;1.95
3002851347;MT;1.95;1.95
3002754145;MT;1.95;1.95
3002852543;MA;1.95;1.95
3002845505;MT;1.95;1.95
3002849655;MT;1.95;1.95
3002782724;MA;1.95;1.95
3002839185;MT;1.95;1.95
3002826489;MT;1.95;1.95
3002825499;MA;1.95;1.95
3002835175;MA;1.95;1.95
3002793655;MT;1.95;1.95
3002844094;MT;1.95;1.95
3002822272;MT;1.95;1.95
3002855108;MA;1.95;1.95
3002852485;MA;1.95;1.95
3002854325;MA;1.95;1.95
3002846479;MT;1.95;1.95
3002837478;MT;1.95;1.95
3002854556;MT;1.95;1.95
3002854796;MA;1.95;1.95
3002853194;MT;1.95;1.95
3002853681;MT;1.95;1.95
3002854309;MT;1.95;1.95
3002854697;MA;1.95;1.95
3002854424;MA;1.95;1.95
3002854762;MA;1.95;1.95
3002851412;MT;1.95;1.95
3002854242;MA;1.95;1.95
3002854861;MT;1.95;1.95
3002854382;MT;1.95;1.95
3002853061;MT;1.95;1.95
3002854143;MA;1.95;1.95
3002811580;MT;1.95;1.95
3002844540;MT;1.95;1.95
3002862815;MT;1.95;1.95
3002862955;MT;1.95;1.95
3002872830;MT;1.95;1.95
76570;TO;2.25;1.95
76574;TO;2.25;1.95
77534;TO;2.25;1.95
77602;MA;2.25;1.95
77386;TO;2.25;1.95
77702;TO;2.25;1.95
77417;MA;2.25;1.95
76036;MT;2.25;1.95
77525;PREF PALMAS;2.5;1.95
77139;PREF PALMAS;2.5;1.95
77532;TO;2.25;1.95
77743;TO;2.25;1.95
77859;TO;2.25;1.95
77757;MA;2.25;1.95
77637;TO;2.25;1.95
77750;MA;2.25;1.95
77334;TO;2.25;1.95
76291;MT;2.25;1.95
77339;MA;2.25;1.95
77761;TO;2.25;1.95
77885;TO;2.25;1.95
77899;TO;2.25;1.95
78002;TO;2.25;1.95
76525;MT;2.25;1.95
77032;TO;2.25;1.95
77593;MA;2.25;1.95
77832;MT;2.25;1.95
77991;TO;2.25;1.95
78007;TO;2.25;1.95
78152;TO;2.25;1.95
78156;TO;2.25;1.95
78159;TO;2.25;1.95
78171;TO;2.25;1.95
78242;TO;2.25;1.95
77121;MA;2.25;1.95
77718;TO;2.25;1.95
77939;TO;2.25;1.95
77943;MA;2.25;1.95
78000;MT;2.25;1.95
78064;MA;2.25;1.95
78236;MA;2.25;1.95
78286;TO;2.25;1.95
78321;TO;2.25;1.95
78441;TO;2.25;1.95
77804;PREF VARZEA GRANDE;2.5;1.95
75927;MA;2.25;1.95
77536;TO;2.25;1.95
77669;MA;2.25;1.95
77741;MT;2.25;1.95
77765;TO;2.25;1.95
77884;MT;2.25;1.95
77936;TO;2.25;1.95
77067;MA;2.25;1.95
77760;TO;2.25;1.95
77975;TO;2.25;1.95
78189;MT;2.25;1.95
78314;MA;2.25;1.95
78403;MA;2.25;1.95
78412;TO;2.25;1.95
78484;MA;2.25;1.95
78535;TO;2.25;1.95
78574;TO;2.25;1.95
78436;PREF PALMAS;2.5;1.95
78682;TO;2.25;1.95
78762;TO;2.25;1.95
78517;MT;2.25;1.95
76624;MA;2.25;1.95
78727;TO;2.25;1.95
78829;TO;2.25;1.95
78795;MT;2.25;1.95
77937;MA;2.25;1.95
78863;TO;2.25;1.95
78908;TO;2.25;1.95
78963;TO;2.25;1.95
78974;TO;2.25;1.95
78825;MT;2.25;1.95
77909;MA;2.25;1.95
78994;TO;2.25;1.95
78927;MT;2.25;1.95
78995;TO;2.25;1.95
78898;MT;2.25;1.95
78992;TO;2.25;1.95
78978;TO;2.25;1.95
76650;MA;2.25;1.95
79011;TO;2.25;1.95
79013;MT;2.25;1.95
78996;TO;2.25;1.95
79067;TO;2.25;1.95
79036;TO;2.25;1.95
72930;TO;2.25;1.95
78924;MT;2.25;1.95
73030;TO;2.25;1.95
79047;MT;2.25;1.95
72971;TO;2.25;1.95
77735;MA;2.25;1.95
72846;TO;2.25;1.95
78915;MA;2.25;1.95
73054;TO;2.25;1.95
72970;TO;2.25;1.95
72942;IGEPREV;2.25;1.95
72918;IGEPREV;2.25;1.95
73062;IGEPREV;2.25;1.95
73095;IGEPREV;2.25;1.95
73065;TO;2.25;1.95
73094;IGEPREV;2.25;1.95
73088;IGEPREV;2.25;1.95
72909;TO;2.25;1.95
72977;TO;2.25;1.95
72852;TO;2.25;1.95
73111;TO;2.25;1.95
79289;MA;2.25;1.95
73144;IGEPREV;2.25;1.95
79154;MT;2.25;1.95
73189;IGEPREV;2.25;1.95
72961;TO;2.25;1.95
72891;TO;2.25;1.95
73132;IGEPREV;2.25;1.95
73146;IGEPREV;2.25;1.95
75806;MA;2.25;1.95
73157;IGEPREV;2.25;1.95
75637;IGEPREV;2.25;1.95
73108;IGEPREV;2.25;1.95
73134;IGEPREV;2.25;1.95
75600;TO;2.25;1.95
73250;TO;2.25;1.95
75849;TO;2.25;1.95
73075;TO;2.25;1.95
75879;TO;2.25;1.95
73139;IGEPREV;2.25;1.95
75827;TO;2.25;1.95
73161;IGEPREV;2.25;1.95
71276;IGEPREV;2.25;1.95
75500;TO;2.25;1.95
75701;IGEPREV;2.25;1.95
73179;TO;2.25;1.95
75738;IGEPREV;2.25;1.95
73246;TO;2.25;1.95
75620;TO;2.25;1.95
73278;IGEPREV;2.25;1.95
75529;MA;2.25;1.95
73273;TO;2.25;1.95
75881;TO;2.25;1.95
73150;IGEPREV;2.25;1.95
75739;MA;2.25;1.95
73328;TO;2.25;1.95
75972;TO;2.25;1.95
73363;IGEPREV;2.25;1.95
75829;TO;2.25;1.95
73360;TO;2.25;1.95
75658;IGEPREV;2.25;1.95
73298;IGEPREV;2.25;1.95
75659;IGEPREV;2.25;1.95
73357;IGEPREV;2.25;1.95
75912;TO;2.25;1.95
73364;TO;2.25;1.95
76010;TO;2.25;1.95
72956;IGEPREV;2.25;1.95
75985;IGEPREV;2.25;1.95
73101;TO;2.25;1.95
73319;TO;2.25;1.95
76025;TO;2.25;1.95
75971;MA;2.25;1.95
73404;IGEPREV;2.25;1.95
75963;TO;2.25;1.95
73448;TO;2.25;1.95
75812;TO;2.25;1.95
73444;IGEPREV;2.25;1.95
76077;TO;2.25;1.95
73517;IGEPREV;2.25;1.95
76060;TO;2.25;1.95
73330;IGEPREV;2.25;1.95
76193;TO;2.25;1.95
76098;TO;2.25;1.95
73475;IGEPREV;2.25;1.95
76041;TO;2.25;1.95
73470;IGEPREV;2.25;1.95
75900;IGEPREV;2.25;1.95
73455;IGEPREV;2.25;1.95
74438;MA;2.25;1.95
73549;IGEPREV;2.25;1.95
75322;MA;2.25;1.95
73469;IGEPREV;2.25;1.95
75807;IGEPREV;2.25;1.95
73372;IGEPREV;2.25;1.95
76090;TO;2.25;1.95
73430;IGEPREV;2.25;1.95
73195;IGEPREV;2.25;1.95
76148;TO;2.25;1.95
73292;IGEPREV;2.25;1.95
76131;TO;2.25;1.95
73494;IGEPREV;2.25;1.95
76017;MA;2.25;1.95
76099;TO;2.25;1.95
73333;IGEPREV;2.25;1.95
75942;TO;2.25;1.95
73471;IGEPREV;2.25;1.95
73481;IGEPREV;2.25;1.95
76133;TO;2.25;1.95
73482;IGEPREV;2.25;1.95
76039;TO;2.25;1.95
76277;TO;2.25;1.95
73462;IGEPREV;2.25;1.95
76239;TO;2.25;1.95
73337;TO;2.25;1.95
75555;MA;2.25;1.95
73393;TO;2.25;1.95
76235;TO;2.25;1.95
76297;TO;2.25;1.95
73505;TO;2.25;1.95
76109;TO;2.25;1.95
73525;TO;2.25;1.95
76141;MA;2.25;1.95
73362;TO;2.25;1.95
76247;TO;2.25;1.95
73434;TO;2.25;1.95
76267;TO;2.25;1.95
73467;TO;2.25;1.95
76151;TO;2.25;1.95
76314;IGEPREV;2.25;1.95
73188;TO;2.25;1.95
76187;IGEPREV;2.25;1.95
73378;TO;2.25;1.95
76260;TO;2.25;1.95
73542;TO;2.25;1.95
76347;TO;2.25;1.95
73380;TO;2.25;1.95
76139;TO;2.25;1.95
73396;TO;2.25;1.95
75785;PREF PALMAS;2.5;1.95
73435;IGEPREV;2.25;1.95
75753;PREF PALMAS;2.5;1.95
73605;IGEPREV;2.25;1.95
75565;PREF PALMAS;2.5;1.95
73347;IGEPREV;2.25;1.95
76030;PREF SÃO LUIS;2.5;1.95
73342;IGEPREV;2.25;1.95
73606;TO;2.25;1.95
76531;TO;2.25;1.95
73502;IGEPREV;2.25;1.95
76509;TO;2.25;1.95
73555;TO;2.25;1.95
76508;TO;2.25;1.95
73629;TO;2.25;1.95
76568;TO;2.25;1.95
73731;TO;2.25;1.95
76209;TO;2.25;1.95
73771;IGEPREV;2.25;1.95
76398;MA;2.25;1.95
73665;TO;2.25;1.95
76328;TO;2.25;1.95
73666;TO;2.25;1.95
76144;TO;2.25;1.95
73814;IGEPREV;2.25;1.95
76343;IGEPREV;2.25;1.95
76336;TO;2.25;1.95
73819;IGEPREV;2.25;1.95
76358;TO;2.25;1.95
73776;IGEPREV;2.25;1.95
76335;IGEPREV;2.25;1.95
73802;TO;2.25;1.95
76380;TO;2.25;1.95
73658;TO;2.25;1.95
75457;MA;2.25;1.95
73809;TO;2.25;1.95
76470;MA;2.25;1.95
75906;MA;2.25;1.95
72832;TO;2.25;1.95
76454;TO;2.25;1.95
73123;IGEPREV;2.25;1.95
76432;TO;2.25;1.95
76344;TO;2.25;1.95
73798;TO;2.25;1.95
76654;TO;2.25;1.95
73856;TO;2.25;1.95
76589;MA;2.25;1.95
73879;IGEPREV;2.25;1.95
73264;TO;2.25;1.95
73900;IGEPREV;2.25;1.95
76691;TO;2.25;1.95
73725;IGEPREV;2.25;1.95
76748;TO;2.25;1.95
73910;IGEPREV;2.25;1.95
76695;TO;2.25;1.95
76613;MA;2.25;1.95
73749;IGEPREV;2.25;1.95
76476;TO;2.25;1.95
73880;IGEPREV;2.25;1.95
76634;TO;2.25;1.95
73796;TO;2.25;1.95
76254;MA;2.25;1.95
73874;TO;2.25;1.95
76812;TO;2.25;1.95
73219;IGEPREV;2.25;1.95
76515;MA;2.25;1.95
73963;IGEPREV;2.25;1.95
76714;TO;2.25;1.95
76772;TO;2.25;1.95
76809;TO;2.25;1.95
76511;MA;2.25;1.95
76638;TO;2.25;1.95
76553;TO;2.25;1.95
76658;TO;2.25;1.95
76640;MA;2.25;1.95
75221;PREF SÃO LUIS;2.5;1.95
75248;PREF SÃO LUIS;2.5;1.95
76101;PREF PALMAS;2.5;1.95
76805;PREF PALMAS;2.5;1.95
75034;MA;2.25;1.95
76689;TO;2.25;1.95
76174;MA;2.25;1.95
76832;TO;2.25;1.95
74775;TO;2.25;1.95
76913;TO;2.25;1.95
76062;MA;2.25;1.95
70864;IGEPREV;2.25;1.95
70881;IGEPREV;2.25;1.95
70937;IGEPREV;2.25;1.95
70658;IGEPREV;2.25;1.95
70665;IGEPREV;2.25;1.95
70747;IGEPREV;2.25;1.95
71689;TO;2.25;1.95
71721;TO;2.25;1.95
71759;TO;2.25;1.95
71765;TO;2.25;1.95
71112;TO;2.25;1.95
71124;TO;2.25;1.95
71217;TO;2.25;1.95
70860;TO;2.25;1.95
71348;TO;2.25;1.95
70891;TO;2.25;1.95
70976;IGEPREV;2.25;1.95
70983;IGEPREV;2.25;1.95
71022;IGEPREV;2.25;1.95
71034;IGEPREV;2.25;1.95
71091;IGEPREV;2.25;1.95
70999;IGEPREV;2.25;1.95
71110;IGEPREV;2.25;1.95
71173;IGEPREV;2.25;1.95
71193;IGEPREV;2.25;1.95
71201;IGEPREV;2.25;1.95
71205;IGEPREV;2.25;1.95
71144;IGEPREV;2.25;1.95
74016;TO;2.25;1.95
71207;IGEPREV;2.25;1.95
74080;TO;2.25;1.95
71262;IGEPREV;2.25;1.95
74014;IGEPREV;2.25;1.95
71273;IGEPREV;2.25;1.95
73962;TO;2.25;1.95
71283;IGEPREV;2.25;1.95
74051;TO;2.25;1.95
71301;IGEPREV;2.25;1.95
73864;IGEPREV;2.25;1.95
70938;IGEPREV;2.25;1.95
73999;IGEPREV;2.25;1.95
71142;IGEPREV;2.25;1.95
74067;TO;2.25;1.95
71154;IGEPREV;2.25;1.95
74071;IGEPREV;2.25;1.95
73742;IGEPREV;2.25;1.95
71226;IGEPREV;2.25;1.95
73857;TO;2.25;1.95
71236;IGEPREV;2.25;1.95
73901;IGEPREV;2.25;1.95
71366;IGEPREV;2.25;1.95
73985;IGEPREV;2.25;1.95
76749;TO;2.25;1.95
74011;IGEPREV;2.25;1.95
71414;IGEPREV;2.25;1.95
74027;TO;2.25;1.95
76831;TO;2.25;1.95
71428;IGEPREV;2.25;1.95
74069;TO;2.25;1.95
76870;TO;2.25;1.95
76700;TO;2.25;1.95
74113;IGEPREV;2.25;1.95
70843;IGEPREV;2.25;1.95
76653;MT;2.25;1.95
74129;IGEPREV;2.25;1.95
70926;IGEPREV;2.25;1.95
76639;TO;2.25;1.95
74158;IGEPREV;2.25;1.95
76477;MA;2.25;1.95
70992;IGEPREV;2.25;1.95
74181;TO;2.25;1.95
76846;TO;2.25;1.95
71081;IGEPREV;2.25;1.95
74157;IGEPREV;2.25;1.95
74227;IGEPREV;2.25;1.95
71106;IGEPREV;2.25;1.95
74497;TO;2.25;1.95
73590;TO;2.25;1.95
74229;TO;2.25;1.95
71308;IGEPREV;2.25;1.95
76237;MT;2.25;1.95
74445;TO;2.25;1.95
74230;TO;2.25;1.95
71316;IGEPREV;2.25;1.95
76321;TO;2.25;1.95
73764;TO;2.25;1.95
76409;TO;2.25;1.95
74198;TO;2.25;1.95
71395;IGEPREV;2.25;1.95
76813;MT;2.25;1.95
74512;TO;2.25;1.95
71417;IGEPREV;2.25;1.95
76898;MA;2.25;1.95
74451;TO;2.25;1.95
74254;IGEPREV;2.25;1.95
74472;TO;2.25;1.95
71436;IGEPREV;2.25;1.95
74164;TO;2.25;1.95
76993;MT;2.25;1.95
74218;IGEPREV;2.25;1.95
71459;IGEPREV;2.25;1.95
74618;TO;2.25;1.95
77023;MA;2.25;1.95
74165;TO;2.25;1.95
71498;IGEPREV;2.25;1.95
77065;MT;2.25;1.95
74554;TO;2.25;1.95
74220;TO;2.25;1.95
71511;IGEPREV;2.25;1.95
76843;PREF SÃO LUIS;2.5;1.95
74481;TO;2.25;1.95
73810;TO;2.25;1.95
71520;IGEPREV;2.25;1.95
74448;TO;2.25;1.95
74187;TO;2.25;1.95
71474;IGEPREV;2.25;1.95
74429;TO;2.25;1.95
76854;MT;2.25;1.95
71478;IGEPREV;2.25;1.95
74571;TO;2.25;1.95
74213;TO;2.25;1.95
76426;MA;2.25;1.95
71492;IGEPREV;2.25;1.95
74309;IGEPREV;2.25;1.95
77189;TO;2.25;1.95
74457;IGEPREV;2.25;1.95
71535;IGEPREV;2.25;1.95
74401;IGEPREV;2.25;1.95
77099;MT;2.25;1.95
74179;IGEPREV;2.25;1.95
71565;IGEPREV;2.25;1.95
73894;TO;2.25;1.95
77185;TO;2.25;1.95
74505;IGEPREV;2.25;1.95
71572;IGEPREV;2.25;1.95
74367;TO;2.25;1.95
74636;IGEPREV;2.25;1.95
77145;MA;2.25;1.95
71603;IGEPREV;2.25;1.95
74373;IGEPREV;2.25;1.95
74723;IGEPREV;2.25;1.95
76707;MA;2.25;1.95
74710;IGEPREV;2.25;1.95
74382;IGEPREV;2.25;1.95
71408;IGEPREV;2.25;1.95
74709;TO;2.25;1.95
74325;TO;2.25;1.95
76784;MA;2.25;1.95
71194;IGEPREV;2.25;1.95
74579;TO;2.25;1.95
74362;TO;2.25;1.95
77204;TO;2.25;1.95
71494;IGEPREV;2.25;1.95
73535;MA;2.25;1.95
71597;IGEPREV;2.25;1.95
74428;TO;2.25;1.95
76428;TO;2.25;1.95
73563;MA;2.25;1.95
71618;IGEPREV;2.25;1.95
74057;TO;2.25;1.95
73630;MA;2.25;1.95
77277;MA;2.25;1.95
71634;IGEPREV;2.25;1.95
74237;IGEPREV;2.25;1.95
73660;MA;2.25;1.95
77084;MT;2.25;1.95
71645;IGEPREV;2.25;1.95
73700;MA;2.25;1.95
74645;TO;2.25;1.95
75339;TO;2.25;1.95
71674;IGEPREV;2.25;1.95
73935;MA;2.25;1.95
76909;MT;2.25;1.95
74543;TO;2.25;1.95
73978;MA;2.25;1.95
71692;IGEPREV;2.25;1.95
77131;TO;2.25;1.95
74456;IGEPREV;2.25;1.95
71204;IGEPREV;2.25;1.95
74038;MA;2.25;1.95
77152;MA;2.25;1.95
74634;IGEPREV;2.25;1.95
71397;IGEPREV;2.25;1.95
74119;MA;2.25;1.95
71767;IGEPREV;2.25;1.95
74570;IGEPREV;2.25;1.95
77241;MA;2.25;1.95
74133;MA;2.25;1.95
71832;IGEPREV;2.25;1.95
73074;IGEPREV;2.25;1.95
77358;TO;2.25;1.95
74142;MA;2.25;1.95
74447;TO;2.25;1.95
71803;IGEPREV;2.25;1.95
77359;TO;2.25;1.95
74182;MA;2.25;1.95
74551;TO;2.25;1.95
71195;IGEPREV;2.25;1.95
77370;TO;2.25;1.95
74370;MA;2.25;1.95
71892;IGEPREV;2.25;1.95
77385;TO;2.25;1.95
71915;IGEPREV;2.25;1.95
77396;MA;2.25;1.95
74567;MA;2.25;1.95
71917;IGEPREV;2.25;1.95
72086;MA;2.25;1.95
77418;TO;2.25;1.95
71881;IGEPREV;2.25;1.95
72777;MA;2.25;1.95
71939;IGEPREV;2.25;1.95
72671;MA;2.25;1.95
72865;MA;2.25;1.95
77306;PREF BAGE;2.5;1.95
71988;IGEPREV;2.25;1.95
72895;MA;2.25;1.95
77545;TO;2.25;1.95
71827;IGEPREV;2.25;1.95
72839;MA;2.25;1.95
77560;TO;2.25;1.95
71802;IGEPREV;2.25;1.95
73200;MA;2.25;1.95
77355;TO;2.25;1.95
71189;IGEPREV;2.25;1.95
73158;MA;2.25;1.95
73102;MA;2.25;1.95
77539;TO;2.25;1.95
71755;TO;2.25;1.95
72065;TO;2.25;1.95
73365;MA;2.25;1.95
77527;TO;2.25;1.95
72031;TO;2.25;1.95
77510;TO;2.25;1.95
73284;MA;2.25;1.95
72232;TO;2.25;1.95
73403;MA;2.25;1.95
77513;TO;2.25;1.95
71709;TO;2.25;1.95
73783;MA;2.25;1.95
77591;TO;2.25;1.95
71797;IGEPREV;2.25;1.95
73710;MA;2.25;1.95
75954;MA;2.25;1.95
74455;MA;2.25;1.95
72045;IGEPREV;2.25;1.95
74442;MA;2.25;1.95
72102;IGEPREV;2.25;1.95
74540;MA;2.25;1.95
72153;IGEPREV;2.25;1.95
74511;MA;2.25;1.95
72056;IGEPREV;2.25;1.95
72006;IGEPREV;2.25;1.95
74574;MA;2.25;1.95
70708;IGEPREV;2.25;1.95
74617;TO;2.25;1.95
71192;IGEPREV;2.25;1.95
74668;MA;2.25;1.95
74669;MA;2.25;1.95
71903;IGEPREV;2.25;1.95
72212;IGEPREV;2.25;1.95
74739;IGEPREV;2.25;1.95
74404;TO;2.25;1.95
72293;IGEPREV;2.25;1.95
74731;TO;2.25;1.95
72169;IGEPREV;2.25;1.95
74732;IGEPREV;2.25;1.95
72101;IGEPREV;2.25;1.95
74733;IGEPREV;2.25;1.95
74735;TO;2.25;1.95
72168;IGEPREV;2.25;1.95
74737;IGEPREV;2.25;1.95
72195;IGEPREV;2.25;1.95
74752;MA;2.25;1.95
74786;TO;2.25;1.95
72258;IGEPREV;2.25;1.95
74790;IGEPREV;2.25;1.95
74804;IGEPREV;2.25;1.95
72317;IGEPREV;2.25;1.95
74828;TO;2.25;1.95
72256;IGEPREV;2.25;1.95
74838;IGEPREV;2.25;1.95
74877;TO;2.25;1.95
74801;IGEPREV;2.25;1.95
74836;IGEPREV;2.25;1.95
74713;TO;2.25;1.95
74785;MA;2.25;1.95
74865;IGEPREV;2.25;1.95
74819;IGEPREV;2.25;1.95
74729;MA;2.25;1.95
74878;IGEPREV;2.25;1.95
74934;TO;2.25;1.95
74736;TO;2.25;1.95
74420;MA;2.25;1.95
74941;TO;2.25;1.95
75028;TO;2.25;1.95
74943;TO;2.25;1.95
72348;IGEPREV;2.25;1.95
72283;TO;2.25;1.95
74899;MA;2.25;1.95
72352;IGEPREV;2.25;1.95
75078;TO;2.25;1.95
72123;IGEPREV;2.25;1.95
75074;TO;2.25;1.95
72378;IGEPREV;2.25;1.95
75057;IGEPREV;2.25;1.95
72261;IGEPREV;2.25;1.95
75072;TO;2.25;1.95
72389;IGEPREV;2.25;1.95
74998;IGEPREV;2.25;1.95
72456;IGEPREV;2.25;1.95
74005;MA;2.25;1.95
72454;IGEPREV;2.25;1.95
75047;IGEPREV;2.25;1.95
72197;IGEPREV;2.25;1.95
74909;MA;2.25;1.95
72382;IGEPREV;2.25;1.95
75101;IGEPREV;2.25;1.95
72478;IGEPREV;2.25;1.95
75090;IGEPREV;2.25;1.95
72193;IGEPREV;2.25;1.95
73586;MA;2.25;1.95
72466;IGEPREV;2.25;1.95
73750;MA;2.25;1.95
72367;TO;2.25;1.95
73785;PREF PALMAS;2.5;1.95
73987;PREF PALMAS;2.5;1.95
72649;IGEPREV;2.25;1.95
74206;PREF PALMAS;2.5;1.95
72588;IGEPREV;2.25;1.95
74414;PREF PALMAS;2.5;1.95
72642;TO;2.25;1.95
74572;PREF PALMAS;2.5;1.95
74920;MA;2.25;1.95
72498;IGEPREV;2.25;1.95
74711;IGEPREV;2.25;1.95
72544;IGEPREV;2.25;1.95
75187;IGEPREV;2.25;1.95
72470;IGEPREV;2.25;1.95
72709;IGEPREV;2.25;1.95
75060;TO;2.25;1.95
75219;TO;2.25;1.95
72692;IGEPREV;2.25;1.95
72628;IGEPREV;2.25;1.95
72715;IGEPREV;2.25;1.95
72718;IGEPREV;2.25;1.95
72549;IGEPREV;2.25;1.95
72748;IGEPREV;2.25;1.95
72704;TO;2.25;1.95
72754;IGEPREV;2.25;1.95
72689;IGEPREV;2.25;1.95
72651;IGEPREV;2.25;1.95
72678;IGEPREV;2.25;1.95
72693;IGEPREV;2.25;1.95
71389;TO;2.25;1.95
72742;TO;2.25;1.95
72863;TO;2.25;1.95
72879;TO;2.25;1.95
72861;TO;2.25;1.95
72837;TO;2.25;1.95
72700;TO;2.25;1.95
72818;IGEPREV;2.25;1.95
72820;IGEPREV;2.25;1.95
72883;IGEPREV;2.25;1.95
72573;IGEPREV;2.25;1.95
72853;IGEPREV;2.25;1.95
72631;IGEPREV;2.25;1.95
72849;IGEPREV;2.25;1.95
72851;IGEPREV;2.25;1.95
72869;IGEPREV;2.25;1.95
72857;IGEPREV;2.25;1.95
72752;IGEPREV;2.25;1.95
72872;IGEPREV;2.25;1.95
75049;MA;2.25;1.95
75186;IGEPREV;2.25;1.95
75096;MA;2.25;1.95
75065;MA;2.25;1.95
74902;MA;2.25;1.95
74812;MA;2.25;1.95
75172;TO;2.25;1.95
74699;MA;2.25;1.95
75171;TO;2.25;1.95
75178;TO;2.25;1.95
74811;MA;2.25;1.95
75114;TO;2.25;1.95
75353;MA;2.25;1.95
75215;MA;2.25;1.95
74776;PREF PALMAS;2.5;1.95
74802;PREF PALMAS;2.5;1.95
75433;MA;2.25;1.95
75375;IGEPREV;2.25;1.95
75095;TO;2.25;1.95
75058;IGEPREV;2.25;1.95
75432;MA;2.25;1.95
75089;MA;2.25;1.95
75185;IGEPREV;2.25;1.95
74764;IGEPREV;2.25;1.95
75410;TO;2.25;1.95
75184;TO;2.25;1.95
74708;IGEPREV;2.25;1.95
75442;MA;2.25;1.95
75418;PREF PALMAS;2.5;1.95
72524;MA;2.25;1.95
72390;MA;2.25;1.95
71223;MA;2.25;1.95
72072;MA;2.25;1.95
75175;TO;2.25;1.95
75576;IGEPREV;2.25;1.95
75618;TO;2.25;1.95
75354;TO;2.25;1.95
75587;TO;2.25;1.95
75616;TO;2.25;1.95
75437;IGEPREV;2.25;1.95
75562;TO;2.25;1.95
75585;TO;2.25;1.95
75179;TO;2.25;1.95
75613;IGEPREV;2.25;1.95
75400;MA;2.25;1.95
73249;IGEPREV;2.25;1.95
75700;TO;2.25;1.95
75685;IGEPREV;2.25;1.95
75801;TO;2.25;1.95
75664;IGEPREV;2.25;1.95
75532;TO;2.25;1.95
82178;MA;2.25;1.95
82475;TO;2.25;1.95
82384;MT;2.25;1.95
82424;TO;2.25;1.95
82329;MT;2.25;1.95
82491;TO;2.25;1.95
79689;MT;2.25;1.95
82292;TO;2.25;1.95
82516;MT;2.25;1.95
82591;TO;2.25;1.95
82597;MT;2.25;1.95
82490;MT;2.25;1.95
82540;TO;2.25;1.95
82529;MT;2.25;1.95
82576;TO;2.25;1.95
82503;TO;2.25;1.95
82461;MT;2.25;1.95
82531;MA;2.25;1.95
82593;TO;2.25;1.95
82522;TO;2.25;1.95
82545;MA;2.25;1.95
82586;MT;2.25;1.95
82778;TO;2.25;1.95
82774;MA;2.25;1.95
82728;MA;2.25;1.95
82549;TO;2.25;1.95
82518;MA;2.25;1.95
82696;MA;2.25;1.95
82686;MA;2.25;1.95
82614;MA;2.25;1.95
82714;TO;2.25;1.95
82448;MA;2.25;1.95
82703;TO;2.25;1.95
82661;TO;2.25;1.95
82675;MA;2.25;1.95
82582;MA;2.25;1.95
82787;MA;2.25;1.95
81255;TO;2.25;1.95
81253;TO;2.25;1.95
81192;MA;2.25;1.95
81327;TO;2.25;1.95
81252;TO;2.25;1.95
81410;MT;2.25;1.95
81364;MT;2.25;1.95
80759;MA;2.25;1.95
81329;TO;2.25;1.95
81204;MT;2.25;1.95
81377;MT;2.25;1.95
81562;TO;2.25;1.95
81557;TO;2.25;1.95
81574;MA;2.25;1.95
80792;MA;2.25;1.95
81201;MA;2.25;1.95
81112;TO;2.25;1.95
81636;TO;2.25;1.95
81646;TO;2.25;1.95
81678;TO;2.25;1.95
81372;MA;2.25;1.95
81246;MA;2.25;1.95
81128;MA;2.25;1.95
81667;TO;2.25;1.95
81007;MA;2.25;1.95
81091;MA;2.25;1.95
81691;MA;2.25;1.95
81671;MA;2.25;1.95
81711;TO;2.25;1.95
81641;MT;2.25;1.95
81657;TO;2.25;1.95
81222;MA;2.25;1.95
81578;MA;2.25;1.95
79831;MA;2.25;1.95
81714;MA;2.25;1.95
81709;TO;2.25;1.95
81617;MT;2.25;1.95
81486;MA;2.25;1.95
81781;TO;2.25;1.95
81700;MA;2.25;1.95
81662;TO;2.25;1.95
81446;MA;2.25;1.95
81732;TO;2.25;1.95
81748;MA;2.25;1.95
81746;MT;2.25;1.95
81656;MA;2.25;1.95
81791;MA;2.25;1.95
81331;MA;2.25;1.95
81647;MA;2.25;1.95
81103;MA;2.25;1.95
81785;TO;2.25;1.95
81850;MT;2.25;1.95
81783;MT;2.25;1.95
81769;MA;2.25;1.95
81853;MA;2.25;1.95
81792;MA;2.25;1.95
81694;TO;2.25;1.95
81892;TO;2.25;1.95
81917;TO;2.25;1.95
81902;MA;2.25;1.95
81706;TO;2.25;1.95
80721;MA;2.25;1.95
77088;MT;2.25;1.95
81589;MT;2.25;1.95
81779;MT;2.25;1.95
81823;MA;2.25;1.95
81843;MA;2.25;1.95
81865;MT;2.25;1.95
81898;TO;2.25;1.95
81984;MA;2.25;1.95
81988;MT;2.25;1.95
82003;TO;2.25;1.95
82015;TO;2.25;1.95
82021;TO;2.25;1.95
82052;TO;2.25;1.95
82065;MA;2.25;1.95
82069;MT;2.25;1.95
81029;MA;2.25;1.95
81633;MA;2.25;1.95
81913;MA;2.25;1.95
81997;MA;2.25;1.95
82026;MA;2.25;1.95
82060;MA;2.25;1.95
82079;TO;2.25;1.95
82081;TO;2.25;1.95
82091;MA;2.25;1.95
82121;TO;2.25;1.95
82130;MT;2.25;1.95
82137;TO;2.25;1.95
82142;MT;2.25;1.95
82151;TO;2.25;1.95
82152;TO;2.25;1.95
82158;TO;2.25;1.95
82165;MT;2.25;1.95
82185;TO;2.25;1.95
82177;TO;2.25;1.95
81340;MA;2.25;1.95
82278;TO;2.25;1.95
82253;MT;2.25;1.95
82307;MT;2.25;1.95
82310;MA;2.25;1.95
82291;MT;2.25;1.95
82281;MT;2.25;1.95
82336;MA;2.25;1.95
82294;TO;2.25;1.95
82285;MT;2.25;1.95
82339;MA;2.25;1.95
82304;MT;2.25;1.95
82349;MA;2.25;1.95
82379;TO;2.25;1.95
82380;MT;2.25;1.95
82250;MA;2.25;1.95
82370;TO;2.25;1.95
82409;TO;2.25;1.95
82239;MA;2.25;1.95
82315;TO;2.25;1.95
82398;MT;2.25;1.95
82508;TO;2.25;1.95
82455;TO;2.25;1.95
79490;MA;2.25;1.95
76742;MT;2.25;1.95
79491;TO;2.25;1.95
79136;MT;2.25;1.95
80129;TO;2.25;1.95
80223;TO;2.25;1.95
80253;MT;2.25;1.95
80276;TO;2.25;1.95
80110;TO;2.25;1.95
80254;MT;2.25;1.95
80226;TO;2.25;1.95
80192;MT;2.25;1.95
80172;MT;2.25;1.95
80316;TO;2.25;1.95
80423;TO;2.25;1.95
80434;MA;2.25;1.95
80490;MA;2.25;1.95
80495;TO;2.25;1.95
80459;MA;2.25;1.95
80246;MA;2.25;1.95
80297;TO;2.25;1.95
80329;TO;2.25;1.95
80233;MA;2.25;1.95
80463;MA;2.25;1.95
78625;MA;2.25;1.95
79695;TO;2.25;1.95
80390;TO;2.25;1.95
80358;MT;2.25;1.95
80147;MT;2.25;1.95
80432;MA;2.25;1.95
80466;TO;2.25;1.95
80350;TO;2.25;1.95
80396;TO;2.25;1.95
80437;TO;2.25;1.95
80184;TO;2.25;1.95
80158;MT;2.25;1.95
79639;MT;2.25;1.95
80619;TO;2.25;1.95
80428;MA;2.25;1.95
80500;MT;2.25;1.95
80217;MA;2.25;1.95
80502;MT;2.25;1.95
80563;TO;2.25;1.95
80536;TO;2.25;1.95
80545;TO;2.25;1.95
80494;MT;2.25;1.95
80290;MA;2.25;1.95
80514;TO;2.25;1.95
80154;TO;2.25;1.95
79871;TO;2.25;1.95
80553;MT;2.25;1.95
80342;TO;2.25;1.95
80588;MA;2.25;1.95
80445;MA;2.25;1.95
80580;TO;2.25;1.95
80632;TO;2.25;1.95
80550;MA;2.25;1.95
80285;TO;2.25;1.95
80697;TO;2.25;1.95
80676;TO;2.25;1.95
80746;TO;2.25;1.95
80607;TO;2.25;1.95
80620;MT;2.25;1.95
80718;MA;2.25;1.95
80673;TO;2.25;1.95
80683;MT;2.25;1.95
80665;TO;2.25;1.95
80680;TO;2.25;1.95
80668;TO;2.25;1.95
79412;MT;2.25;1.95
79983;MT;2.25;1.95
79537;MT;2.25;1.95
80750;TO;2.25;1.95
80812;TO;2.25;1.95
80949;MT;2.25;1.95
80749;MA;2.25;1.95
80708;MA;2.25;1.95
80924;TO;2.25;1.95
80663;MA;2.25;1.95
80651;MT;2.25;1.95
80178;TO;2.25;1.95
80966;MT;2.25;1.95
80498;MT;2.25;1.95
80629;MT;2.25;1.95
80922;TO;2.25;1.95
80771;MA;2.25;1.95
80773;MA;2.25;1.95
80652;TO;2.25;1.95
80845;TO;2.25;1.95
80570;MA;2.25;1.95
80864;MT;2.25;1.95
81017;TO;2.25;1.95
81024;TO;2.25;1.95
79061;MA;2.25;1.95
78764;MA;2.25;1.95
79106;MA;2.25;1.95
76693;MA;2.25;1.95
77344;MA;2.25;1.95
78334;MA;2.25;1.95
79234;TO;2.25;1.95
79965;MA;2.25;1.95
79094;TO;2.25;1.95
80984;MT;2.25;1.95
79359;TO;2.25;1.95
80995;TO;2.25;1.95
80903;MA;2.25;1.95
80762;TO;2.25;1.95
80089;TO;2.25;1.95
79124;MT;2.25;1.95
79128;TO;2.25;1.95
81092;TO;2.25;1.95
79171;TO;2.25;1.95
80085;TO;2.25;1.95
79078;MT;2.25;1.95
80991;MA;2.25;1.95
78340;MT;2.25;1.95
80337;MA;2.25;1.95
79229;TO;2.25;1.95
80783;MA;2.25;1.95
79185;TO;2.25;1.95
79173;TO;2.25;1.95
79151;TO;2.25;1.95
79383;MT;2.25;1.95
80858;MA;2.25;1.95
81144;TO;2.25;1.95
80885;TO;2.25;1.95
81034;TO;2.25;1.95
81155;MT;2.25;1.95
79372;TO;2.25;1.95
81220;TO;2.25;1.95
80990;MT;2.25;1.95
79371;TO;2.25;1.95
80952;MT;2.25;1.95
79153;TO;2.25;1.95
80988;TO;2.25;1.95
79368;MA;2.25;1.95
79485;TO;2.25;1.95
81145;MA;2.25;1.95
79250;MT;2.25;1.95
81044;TO;2.25;1.95
81136;TO;2.25;1.95
79423;TO;2.25;1.95
79445;TO;2.25;1.95
80942;MT;2.25;1.95
79468;MT;2.25;1.95
80981;MA;2.25;1.95
79398;TO;2.25;1.95
81036;TO;2.25;1.95
79459;TO;2.25;1.95
80573;MA;2.25;1.95
79355;MT;2.25;1.95
79506;MA;2.25;1.95
79441;MA;2.25;1.95
81243;MA;2.25;1.95
79395;TO;2.25;1.95
81203;TO;2.25;1.95
81267;MT;2.25;1.95
80070;MA;2.25;1.95
81139;MT;2.25;1.95
79706;MA;2.25;1.95
81250;MT;2.25;1.95
81217;MT;2.25;1.95
81341;MT;2.25;1.95
79543;TO;2.25;1.95
79524;TO;2.25;1.95
79481;MT;2.25;1.95
79451;MT;2.25;1.95
79504;TO;2.25;1.95
79509;MT;2.25;1.95
79549;MT;2.25;1.95
79653;MA;2.25;1.95
79606;TO;2.25;1.95
79567;MA;2.25;1.95
79156;MT;2.25;1.95
79620;TO;2.25;1.95
79804;TO;2.25;1.95
79799;TO;2.25;1.95
79643;TO;2.25;1.95
79470;TO;2.25;1.95
79400;MA;2.25;1.95
79823;MT;2.25;1.95
79436;TO;2.25;1.95
79714;MT;2.25;1.95
79728;TO;2.25;1.95
79508;TO;2.25;1.95
79791;MT;2.25;1.95
79914;TO;2.25;1.95
79514;MA;2.25;1.95
79842;TO;2.25;1.95
79698;MT;2.25;1.95
79929;TO;2.25;1.95
79771;MA;2.25;1.95
79263;MT;2.25;1.95
79347;MA;2.25;1.95
79834;TO;2.25;1.95
79815;MT;2.25;1.95
79841;TO;2.25;1.95
79795;TO;2.25;1.95
79440;TO;2.25;1.95
79916;TO;2.25;1.95
79496;TO;2.25;1.95
79426;MT;2.25;1.95
79844;MT;2.25;1.95
79768;TO;2.25;1.95
79574;TO;2.25;1.95
79938;MT;2.25;1.95
79956;MT;2.25;1.95
79974;MA;2.25;1.95
79291;MA;2.25;1.95
79948;MT;2.25;1.95
79419;TO;2.25;1.95
79962;TO;2.25;1.95
79880;MT;2.25;1.95
79915;TO;2.25;1.95
79951;TO;2.25;1.95
79682;MT;2.25;1.95
80030;TO;2.25;1.95
80033;TO;2.25;1.95
79952;MT;2.25;1.95
79928;TO;2.25;1.95
80127;TO;2.25;1.95
79939;MA;2.25;1.95
80071;TO;2.25;1.95
80106;TO;2.25;1.95
80180;TO;2.25;1.95
79989;TO;2.25;1.95
79875;MA;2.25;1.95
79975;TO;2.25;1.95
80047;TO;2.25;1.95
80072;TO;2.25;1.95
79992;TO;2.25;1.95
80175;TO;2.25;1.95
80144;TO;2.25;1.95
80181;MT;2.25;1.95
76221;MT;2.25;1.95
80351;MT;2.25;1.95
80209;TO;2.25;1.95
80265;TO;2.25;1.95
80173;TO;2.25;1.95
80292;TO;2.25;1.95
80143;TO;2.25;1.95
80023;TO;2.25;1.95
80083;TO;2.25;1.95
79801;MA;2.25;1.95
80387;TO;2.25;1.95
80320;MT;2.25;1.95
80170;TO;2.25;1.95
80166;TO;2.25;1.95
80136;MA;2.25;1.95
79527;TO;2.25;1.95
80205;MT;2.25;1.95
